{
	"textures": {
		"0": "minecraft:custom/vampire"
	},
	"display": {
		"head": {
			"rotation": [0, 180, 0]
		}
	},
	"elements": [
		{
			"from": [5.1875, 4.375, 6.125],
			"to": [8.9375, 9.875, 9.875],
			"rotation": {
				"angle": 0,
				"axis": "y",
				"origin": [5.1875, -12.625, 0.5]
			},
			"faces": {
				"north": {
					"uv": [9, 13, 10, 14.5],
					"texture": "#0"
				},
				"east": {
					"uv": [8, 13, 9, 14.5],
					"texture": "#0"
				},
				"south": {
					"uv": [11, 13, 12, 14.5],
					"texture": "#0"
				},
				"west": {
					"uv": [10, 13, 11, 14.5],
					"texture": "#0"
				},
				"up": {
					"uv": [10, 13, 9, 12],
					"texture": "#0"
				},
				"down": {
					"uv": [10, 12, 9, 13],
					"texture": "#0"
				}
			}
		},
		{
			"from": [7.6875, 1.375, 8.625],
			"to": [20.4375, 9.875, 8.625],
			"rotation": {
				"angle": 0,
				"axis": "y",
				"origin": [9.6875, -4.125, 4.25]
			},
			"faces": {
				"north": {
					"uv": [2.5, 11.5, 0, 8.25],
					"rotation": 180,
					"texture": "#0"
				},
				"east": {
					"uv": [12, 5, 13, 6.5],
					"rotation": 180,
					"texture": "#0"
				},
				"south": {
					"uv": [0, 8.25, 2, 11.75],
					"rotation": 270,
					"texture": "#0"
				},
				"west": {
					"uv": [10, 5, 11, 6.5],
					"rotation": 180,
					"texture": "#0"
				},
				"up": {
					"uv": [12, 4, 11, 5],
					"rotation": 180,
					"texture": "#0"
				},
				"down": {
					"uv": [12, 5, 11, 4],
					"rotation": 180,
					"texture": "#0"
				}
			}
		}
	]
}