{
	"textures": {
		"0": "minecraft:custom/vampire"
	},
	"display": {
		"head": {
			"rotation": [0, 180, 0]
		}
	},
	"elements": [
		{
			"from": [4.25, 8, 6.125],
			"to": [11.75, 19.25, 9.875],
			"rotation": {
				"angle": 0,
				"axis": "y",
				"origin": [0.5, -3.25, 0.5]
			},
			"faces": {
				"north": {
					"uv": [5, 5, 7, 8],
					"texture": "#0"
				},
				"east": {
					"uv": [4, 5, 5, 8],
					"texture": "#0"
				},
				"south": {
					"uv": [8, 5, 10, 8],
					"texture": "#0"
				},
				"west": {
					"uv": [7, 5, 8, 8],
					"texture": "#0"
				},
				"up": {
					"uv": [7, 5, 5, 4],
					"texture": "#0"
				},
				"down": {
					"uv": [9, 4, 7, 5],
					"texture": "#0"
				}
			}
		}
	]
}