{
	"textures": {
		"0": "minecraft:custom/spider/mutant_spider3"
	},
	"display": {
		"head": {
			"rotation": [0, 180, 0]
		}
	},
	"elements": [
		{
			"from": [7, 7, 7],
			"to": [23, 9, 9],
			"rotation": {
				"angle": 0,
				"axis": "y",
				"origin": [4, -1, 4]
			},
			"faces": {
				"north": {
					"uv": [7.375, 5, 9.375, 5.25],
					"texture": "#0"
				},
				"east": {
					"uv": [2.5, 6.625, 2.75, 6.875],
					"texture": "#0"
				},
				"south": {
					"uv": [7.375, 5.25, 9.375, 5.5],
					"texture": "#0"
				},
				"west": {
					"uv": [4.75, 6.625, 5, 6.875],
					"texture": "#0"
				},
				"up": {
					"uv": [9.375, 5.75, 7.375, 5.5],
					"texture": "#0"
				},
				"down": {
					"uv": [8.125, 7.375, 6.125, 7.625],
					"texture": "#0"
				}
			}
		}
	]
}