{
	"textures": {
		"0": "minecraft:custom/spider/mutant_spider3"
	},
	"display": {
		"head": {
			"rotation": [0, 180, 0]
		}
	},
	"elements": [
		{
			"from": [7, 7, 7],
			"to": [24, 9, 9],
			"rotation": {
				"angle": 0,
				"axis": "y",
				"origin": [4, -1, 4]
			},
			"faces": {
				"north": {
					"uv": [1.875, 6.875, 4, 7.125],
					"texture": "#0"
				},
				"east": {
					"uv": [4.75, 6.375, 5, 6.625],
					"texture": "#0"
				},
				"south": {
					"uv": [4, 6.875, 6.125, 7.125],
					"texture": "#0"
				},
				"west": {
					"uv": [5, 6.375, 5.25, 6.625],
					"texture": "#0"
				},
				"up": {
					"uv": [8.25, 7.125, 6.125, 6.875],
					"texture": "#0"
				},
				"down": {
					"uv": [4, 7.125, 1.875, 7.375],
					"texture": "#0"
				}
			}
		}
	]
}