{
	"textures": {
		"0": "minecraft:custom/spider/mutant_spider3"
	},
	"display": {
		"head": {
			"rotation": [0, 180, 0]
		}
	},
	"elements": [
		{
			"from": [7, 7, 7],
			"to": [22, 9, 9],
			"rotation": {
				"angle": 0,
				"axis": "y",
				"origin": [4, -1, 4]
			},
			"faces": {
				"north": {
					"uv": [2, 7.875, 3.875, 8.125],
					"texture": "#0"
				},
				"east": {
					"uv": [5, 6.625, 5.25, 6.875],
					"texture": "#0"
				},
				"south": {
					"uv": [3.875, 7.875, 5.75, 8.125],
					"texture": "#0"
				},
				"west": {
					"uv": [0, 7.25, 0.25, 7.5],
					"texture": "#0"
				},
				"up": {
					"uv": [7.625, 8.125, 5.75, 7.875],
					"texture": "#0"
				},
				"down": {
					"uv": [9.5, 7.875, 7.625, 8.125],
					"texture": "#0"
				}
			}
		}
	]
}