{
	"textures": {
		"0": "minecraft:custom/spider/mutant_spider3"
	},
	"display": {
		"head": {
			"rotation": [0, 180, 0]
		}
	},
	"elements": [
		{
			"from": [-9, 7, 7],
			"to": [9, 9, 9],
			"faces": {
				"north": {
					"uv": [6.625, 3, 8.875, 3.25],
					"texture": "#0"
				},
				"east": {
					"uv": [0.25, 7.25, 0.5, 7.5],
					"texture": "#0"
				},
				"south": {
					"uv": [6.625, 3.25, 8.875, 3.5],
					"texture": "#0"
				},
				"west": {
					"uv": [0.5, 7.25, 0.75, 7.5],
					"texture": "#0"
				},
				"up": {
					"uv": [8.875, 3.75, 6.625, 3.5],
					"texture": "#0"
				},
				"down": {
					"uv": [8.875, 3.75, 6.625, 4],
					"texture": "#0"
				}
			}
		}
	]
}