{
	"textures": {
		"0": "minecraft:custom/spider/mutant_spider3"
	},
	"display": {
		"head": {
			"rotation": [0, 180, 0]
		}
	},
	"elements": [
		{
			"from": [7, 7, 7],
			"to": [23, 9, 9],
			"faces": {
				"north": {
					"uv": [1.875, 7.625, 3.875, 7.875],
					"texture": "#0"
				},
				"east": {
					"uv": [6.875, 8.375, 7.125, 8.625],
					"texture": "#0"
				},
				"south": {
					"uv": [3.875, 7.625, 5.875, 7.875],
					"texture": "#0"
				},
				"west": {
					"uv": [7.125, 8.375, 7.375, 8.625],
					"texture": "#0"
				},
				"up": {
					"uv": [7.875, 7.875, 5.875, 7.625],
					"texture": "#0"
				},
				"down": {
					"uv": [2, 7.875, 0, 8.125],
					"texture": "#0"
				}
			}
		}
	]
}