{
	"textures": {
		"0": "minecraft:custom/spider/mutant_spider3"
	},
	"display": {
		"head": {
			"rotation": [0, 180, 0]
		}
	},
	"elements": [
		{
			"from": [-6, 7, 7],
			"to": [9, 9, 9],
			"faces": {
				"north": {
					"uv": [8.25, 7, 10.125, 7.25],
					"texture": "#0"
				},
				"east": {
					"uv": [7.875, 8.375, 8.125, 8.625],
					"texture": "#0"
				},
				"south": {
					"uv": [0, 8.375, 1.875, 8.625],
					"texture": "#0"
				},
				"west": {
					"uv": [8.125, 8.375, 8.375, 8.625],
					"texture": "#0"
				},
				"up": {
					"uv": [3.75, 8.625, 1.875, 8.375],
					"texture": "#0"
				},
				"down": {
					"uv": [5.625, 8.375, 3.75, 8.625],
					"texture": "#0"
				}
			}
		}
	]
}