{
	"textures": {
		"0": "minecraft:custom/spider/mutant_spider3"
	},
	"display": {
		"head": {
			"rotation": [0, 180, 0]
		}
	},
	"elements": [
		{
			"from": [7.25, 7.25, 4],
			"to": [8.75, 8.75, 9],
			"rotation": {
				"angle": 0,
				"axis": "y",
				"origin": [4.75, 2.25, 19]
			},
			"faces": {
				"north": {
					"uv": [3, 5.375, 3.25, 5.625],
					"texture": "#0"
				},
				"east": {
					"uv": [1, 6.25, 1.625, 6.5],
					"texture": "#0"
				},
				"south": {
					"uv": [3.25, 5.375, 3.5, 5.625],
					"texture": "#0"
				},
				"west": {
					"uv": [1.875, 6.625, 2.5, 6.875],
					"texture": "#0"
				},
				"up": {
					"uv": [3.5, 1.625, 3.25, 1],
					"texture": "#0"
				},
				"down": {
					"uv": [3.5, 1.625, 3.25, 2.25],
					"texture": "#0"
				}
			}
		},
		{
			"from": [16.19975, 7.275, 0.6066],
			"to": [17.69975, 8.725, 3.6066],
			"rotation": {
				"angle": 45,
				"axis": "y",
				"origin": [13.69975, 2.25, 14.6066]
			},
			"faces": {
				"north": {
					"uv": [7.375, 6.75, 7.625, 6.875],
					"texture": "#0"
				},
				"east": {
					"uv": [5.25, 6.75, 5.625, 6.875],
					"texture": "#0"
				},
				"south": {
					"uv": [7.625, 6.75, 7.875, 6.875],
					"texture": "#0"
				},
				"west": {
					"uv": [5.625, 6.75, 6, 6.875],
					"texture": "#0"
				},
				"up": {
					"uv": [3.25, 5.375, 3, 5],
					"texture": "#0"
				},
				"down": {
					"uv": [3.5, 5, 3.25, 5.375],
					"texture": "#0"
				}
			}
		}
	]
}