{
	"credit": "Made with Blockbench",
	"texture_size": [32, 16],
	"textures": {
		"0": "dke:item/dragon_eyes",
		"particle": "dke:item/dragon_eyes"
	},
	"elements": [
		{
			"from": [4, 0, 4],
			"to": [12, 8, 4],
			"faces": {
				"north": {"uv": [4, 8, 8, 16], "texture": "#0"},
				"south": {"uv": [4, 8, 8, 16], "texture": "#0"}
			}
		},
		{
			"from": [4, 0, 12],
			"to": [12, 8, 12],
			"faces": {
				"north": {"uv": [4, 0, 8, 8], "texture": "#0"},
				"south": {"uv": [4, 0, 8, 8], "texture": "#0"}
			}
		},
		{
			"from": [4, 8, 4],
			"to": [12, 8, 12],
			"faces": {
				"up": {"uv": [0, 0, 4, 8], "texture": "#0"},
				"down": {"uv": [0, 0, 4, 8], "texture": "#0"}
			}
		},
		{
			"from": [4, 0, 4],
			"to": [4, 8, 12],
			"faces": {
				"east": {"uv": [0, 8, 4, 16], "texture": "#0"},
				"west": {"uv": [4, 8, 0, 16], "texture": "#0"}
			}
		},
		{
			"from": [12, 0, 4],
			"to": [12, 8, 12],
			"faces": {
				"east": {"uv": [0, 8, 4, 16], "texture": "#0"},
				"west": {"uv": [4, 8, 0, 16], "texture": "#0"}
			}
		},
		{
			"from": [10, 8, 5.5],
			"to": [11, 11, 10.5],
			"faces": {
				"north": {"uv": [11, 12, 12, 16], "texture": "#0"},
				"east": {"uv": [8, 12, 11, 16], "texture": "#0"},
				"south": {"uv": [15, 12, 16, 16], "texture": "#0"},
				"west": {"uv": [12, 12, 15, 16], "texture": "#0"},
				"up": {"uv": [11, 6, 12, 12], "texture": "#0"}
			}
		},
		{
			"from": [5, 8, 5.5],
			"to": [6, 11, 10.5],
			"faces": {
				"north": {"uv": [11, 12, 12, 16], "texture": "#0"},
				"east": {"uv": [8, 12, 11, 16], "texture": "#0"},
				"south": {"uv": [15, 12, 16, 16], "texture": "#0"},
				"west": {"uv": [12, 12, 15, 16], "texture": "#0"},
				"up": {"uv": [11, 6, 12, 12], "texture": "#0"}
			}
		},
		{
			"from": [5, 3.5, 3.999],
			"to": [11, 5, 3.999],
			"faces": {
				"north": {"uv": [8, 0, 12.5, 2], "texture": "#0"},
				"south": {"uv": [8, 0, 12.5, 2], "texture": "#0"}
			}
		}
	],
	"display": {
		"thirdperson_righthand": {
			"rotation": [0, 33, 0],
			"translation": [0, 0.75, 0],
			"scale": [0.66, 0.66, 0.66]
		},
		"thirdperson_lefthand": {
			"rotation": [0, 33, 0],
			"translation": [0, 0.75, 0],
			"scale": [0.66, 0.66, 0.66]
		},
		"firstperson_righthand": {
			"rotation": [0, 105, 0],
			"translation": [1, 3.5, 0],
			"scale": [0.66, 0.66, 0.66]
		},
		"firstperson_lefthand": {
			"rotation": [0, 105, 0],
			"translation": [1, 3.5, 0],
			"scale": [0.66, 0.66, 0.66]
		},
		"ground": {
			"rotation": [30, 0, 0],
			"translation": [0, 1.25, 0],
			"scale": [0.66, 0.66, 0.66]
		},
		"gui": {
			"rotation": [30, 135, 0],
			"translation": [0, 2.75, 0]
		},
		"head": {
			"translation": [0, 7.25, 0],
			"scale": [1.85, 1.85, 1.85]
		},
		"fixed": {
			"translation": [0, 3.75, 0],
			"scale": [1.25, 1.25, 1.25]
		}
	},
	"groups": [
		{
			"name": "helmet",
			"origin": [8, 8, 8],
			"color": 0,
			"nbt": "{}",
			"children": [
				0,
				1,
				2,
				3,
				4,
				{
					"name": "horns",
					"origin": [8, 8, 8],
					"color": 0,
					"nbt": "{}",
					"children": [5, 6]
				}
			]
		},
		{
			"name": "dragon_eyes",
			"origin": [8, 8, 8],
			"color": 0,
			"nbt": "{}",
			"children": [7]
		}
	]
}