{
	"credit": "Made with Blockbench",
	"texture_size": [32, 32],
	"textures": {
		"0": "dke:item/dragon_pickaxe",
		"particle": "dke:item/dragon_pickaxe"
	},
	"elements": [
		{
			"from": [6.5, 0, 6.5],
			"to": [9.5, 3, 9.5],
			"rotation": {"angle": 0, "axis": "y", "origin": [8, 1.5, 8]},
			"faces": {
				"north": {"uv": [7, 9, 8.5, 10.5], "texture": "#0"},
				"east": {"uv": [5.5, 9, 7, 10.5], "texture": "#0"},
				"south": {"uv": [10, 9, 11.5, 10.5], "texture": "#0"},
				"west": {"uv": [8.5, 9, 10, 10.5], "texture": "#0"},
				"up": {"uv": [8.5, 9, 7, 7.5], "texture": "#0"},
				"down": {"uv": [10, 7.5, 8.5, 9], "texture": "#0"}
			}
		},
		{
			"from": [7, 3, 7],
			"to": [9, 11, 9],
			"faces": {
				"north": {"uv": [1, 11.5, 2, 13.5], "texture": "#0"},
				"east": {"uv": [0, 11.5, 1, 13.5], "texture": "#0"},
				"south": {"uv": [3, 11.5, 4, 13.5], "texture": "#0"},
				"west": {"uv": [2, 11.5, 3, 13.5], "texture": "#0"},
				"up": {"uv": [2, 11.5, 1, 10.5], "texture": "#0"},
				"down": {"uv": [3, 10.5, 2, 11.5], "texture": "#0"}
			}
		},
		{
			"from": [4, 11, 6.5],
			"to": [12, 13, 9.5],
			"rotation": {"angle": 0, "axis": "y", "origin": [0, 2, 0]},
			"faces": {
				"north": {"uv": [1.5, 1.5, 5.5, 2.5], "texture": "#0"},
				"east": {"uv": [0, 1.5, 1.5, 2.5], "texture": "#0"},
				"south": {"uv": [7, 1.5, 11, 2.5], "texture": "#0"},
				"west": {"uv": [5.5, 1.5, 7, 2.5], "texture": "#0"},
				"up": {"uv": [5.5, 1.5, 1.5, 0], "texture": "#0"},
				"down": {"uv": [9.5, 0, 5.5, 1.5], "texture": "#0"}
			}
		},
		{
			"from": [12, 11, 7],
			"to": [17, 13, 9],
			"rotation": {"angle": -45, "axis": "z", "origin": [12, 13, 8]},
			"faces": {
				"north": {"uv": [8, 6.5, 10.5, 7.5], "texture": "#0"},
				"east": {"uv": [7, 6.5, 8, 7.5], "texture": "#0"},
				"south": {"uv": [11.5, 6.5, 14, 7.5], "texture": "#0"},
				"west": {"uv": [10.5, 6.5, 11.5, 7.5], "texture": "#0"},
				"up": {"uv": [10.5, 6.5, 8, 5.5], "texture": "#0"},
				"down": {"uv": [13, 5.5, 10.5, 6.5], "texture": "#0"}
			}
		},
		{
			"from": [-1, 11, 7],
			"to": [4, 13, 9],
			"rotation": {"angle": 45, "axis": "z", "origin": [4, 13, 8]},
			"faces": {
				"north": {"uv": [10.5, 6.5, 8, 7.5], "texture": "#0"},
				"east": {"uv": [11.5, 6.5, 10.5, 7.5], "texture": "#0"},
				"south": {"uv": [14, 6.5, 11.5, 7.5], "texture": "#0"},
				"west": {"uv": [8, 6.5, 7, 7.5], "texture": "#0"},
				"up": {"uv": [8, 6.5, 10.5, 5.5], "texture": "#0"},
				"down": {"uv": [10.5, 5.5, 13, 6.5], "texture": "#0"}
			}
		},
		{
			"from": [3.75, 10.25, 7],
			"to": [6.75, 13.25, 9],
			"rotation": {"angle": -45, "axis": "z", "origin": [8, 9, 8]},
			"faces": {
				"north": {"uv": [1, 9, 2.5, 10.5], "texture": "#0"},
				"east": {"uv": [0, 9, 1, 10.5], "texture": "#0"},
				"south": {"uv": [3.5, 9, 5, 10.5], "texture": "#0"},
				"west": {"uv": [2.5, 9, 3.5, 10.5], "texture": "#0"},
				"up": {"uv": [2.5, 9, 1, 8], "texture": "#0"},
				"down": {"uv": [4, 8, 2.5, 9], "texture": "#0"}
			}
		}
	],
	"display": {
		"thirdperson_righthand": {
			"rotation": [0, 90, 0],
			"translation": [0, 3.25, 0]
		},
		"thirdperson_lefthand": {
			"rotation": [0, 90, 0],
			"translation": [0, 3.25, 0]
		},
		"firstperson_righthand": {
			"rotation": [15, 90, 0],
			"translation": [0, 2, 0]
		},
		"firstperson_lefthand": {
			"rotation": [15, 90, 0],
			"translation": [0, 2, 0]
		},
		"ground": {
			"rotation": [30, 0, 30],
			"translation": [0, 4, 0]
		},
		"gui": {
			"rotation": [-29.75, -24, -45]
		},
		"fixed": {
			"rotation": [0, 0, 45],
			"scale": [1.2, 1.2, 1.2]
		}
	},
	"groups": [
		{
			"name": "hilt",
			"origin": [8, 8, 8],
			"color": 0,
			"nbt": "{}",
			"children": [0, 1, 2, 3, 4, 5]
		}
	]
}