{
	"textures": {
		"0": "minecraft:custom/impossible_dragon/impossible_dragon"
	},
	"display": {
		"head": {
			"rotation": [0, 180, 0]
		}
	},
	"elements": [
		{
			"from": [-1, 2, -12],
			"to": [17, 8, 12],
			"faces": {
				"north": {
					"uv": [8.5, 1.5, 9.625, 1.875],
					"texture": "#0"
				},
				"east": {
					"uv": [7, 1.5, 8.5, 1.875],
					"texture": "#0"
				},
				"south": {
					"uv": [11.125, 1.5, 12.25, 1.875],
					"texture": "#0"
				},
				"west": {
					"uv": [9.625, 1.5, 11.125, 1.875],
					"texture": "#0"
				},
				"up": {
					"uv": [9.625, 1.5, 8.5, 0],
					"texture": "#0"
				},
				"down": {
					"uv": [10.75, 0, 9.625, 1.5],
					"texture": "#0"
				}
			}
		}
	]
}