{
	"textures": {
		"0": "minecraft:custom/impossible_dragon/impossible_dragon"
	},
	"display": {
		"head": {
			"rotation": [0, 180, 0]
		}
	},
	"elements": [
		{
			"from": [3.5, 3.5, -4],
			"to": [12.5, 12.5, 20],
			"faces": {
				"north": {
					"uv": [4, 4, 5.5, 5.5],
					"texture": "#0"
				},
				"east": {
					"uv": [0, 4, 4, 5.5],
					"texture": "#0"
				},
				"south": {
					"uv": [9.5, 4, 11, 5.5],
					"texture": "#0"
				},
				"west": {
					"uv": [5.5, 4, 9.5, 5.5],
					"texture": "#0"
				},
				"up": {
					"uv": [5.5, 4, 4, 0],
					"texture": "#0"
				},
				"down": {
					"uv": [7, 0, 5.5, 4],
					"texture": "#0"
				}
			}
		},
		{
			"from": [7.625, 12.5, -1.75],
			"to": [8.375, 14.75, 2.75],
			"faces": {
				"north": {
					"uv": [14.625, 4.0625, 14.5, 4.4375],
					"texture": "#0"
				},
				"east": {
					"uv": [13.75, 4.0625, 14.5, 4.4375],
					"texture": "#0"
				},
				"south": {
					"uv": [15.375, 4.0625, 15.5, 4.4375],
					"texture": "#0"
				},
				"west": {
					"uv": [15.375, 4.0625, 14.625, 4.4375],
					"texture": "#0"
				},
				"up": {
					"uv": [14.625, 4.0625, 14.5, 3.3125],
					"texture": "#0"
				},
				"down": {
					"uv": [14.75, 3.3125, 14.625, 4.0625],
					"texture": "#0"
				}
			}
		},
		{
			"from": [7.625, 12.5, 5.75],
			"to": [8.375, 14.75, 10.25],
			"faces": {
				"north": {
					"uv": [14.5, 4.0625, 14.625, 4.4375],
					"texture": "#0"
				},
				"east": {
					"uv": [14.5, 4.0625, 13.75, 4.4375],
					"texture": "#0"
				},
				"south": {
					"uv": [15.375, 4.0625, 15.5, 4.4375],
					"texture": "#0"
				},
				"west": {
					"uv": [14.625, 4.0625, 15.375, 4.4375],
					"texture": "#0"
				},
				"up": {
					"uv": [14.6875, 4.0625, 14.5625, 3.3125],
					"texture": "#0"
				},
				"down": {
					"uv": [14.75, 3.3125, 14.625, 4.0625],
					"texture": "#0"
				}
			}
		},
		{
			"from": [7.625, 12.5, 13.25],
			"to": [8.375, 14.75, 17.75],
			"faces": {
				"north": {
					"uv": [14.625, 4.0625, 14.5, 4.4375],
					"texture": "#0"
				},
				"east": {
					"uv": [13.75, 4.0625, 14.5, 4.4375],
					"texture": "#0"
				},
				"south": {
					"uv": [15.375, 4.0625, 15.5, 4.4375],
					"texture": "#0"
				},
				"west": {
					"uv": [15.375, 4.0625, 14.625, 4.4375],
					"texture": "#0"
				},
				"up": {
					"uv": [14.625, 4.0625, 14.5, 3.3125],
					"texture": "#0"
				},
				"down": {
					"uv": [14.75, 3.3125, 14.625, 4.0625],
					"texture": "#0"
				}
			}
		}
	]
}