{
	"textures": {
		"0": "minecraft:custom/impossible_dragon/impossible_dragon"
	},
	"display": {
		"head": {
			"rotation": [0, 180, 0]
		}
	},
	"elements": [
		{
			"from": [9.36858, 2.81936, 8.74475],
			"to": [9.36858, 14.81936, 24.74475],
			"rotation": {
				"angle": -22.5,
				"axis": "y",
				"origin": [11, 12, 6.75]
			},
			"faces": {
				"east": {
					"uv": [14.875, 15.25, 15.75, 16],
					"texture": "#0"
				},
				"west": {
					"uv": [15.75, 15.25, 14.875, 16],
					"texture": "#0"
				}
			}
		}
	]
}