{
	"textures": {
		"0": "minecraft:custom/impossible_dragon/impossible_dragon"
	},
	"display": {
		"head": {
			"rotation": [0, 180, 0]
		}
	},
	"elements": [
		{
			"from": [8, 9, 9],
			"to": [8, 9, 9],
			"rotation": {
				"angle": 0,
				"axis": "y",
				"origin": [10, 9, 28]
			},
			"faces": {
				"up": {
					"uv": [14.6875, 15.75, 14.5, 15.9375],
					"rotation": 90,
					"texture": "#0"
				},
				"down": {
					"uv": [14.6875, 15.75, 14.5, 15.9375],
					"rotation": 90,
					"texture": "#0"
				}
			}
		}
	]
}