{
	"textures": {
		"0": "minecraft:custom/iron_golem"
	},
	"display": {
		"head": {
			"rotation": [0, 180, 0]
		}
	},
	"elements": [
		{
			"from": [6.78125, 1.1875, 6.8125],
			"to": [9.40625, 7.9375, 8.875],
			"rotation": {
				"angle": 0,
				"axis": "y",
				"origin": [10.25, -2.5625, 8.5]
			},
			"faces": {
				"north": {
					"uv": [8.125, 1, 8.75, 2.625],
					"texture": "#0"
				},
				"east": {
					"uv": [7.5, 1, 8, 2.625],
					"texture": "#0"
				},
				"south": {
					"uv": [9.5, 1, 10.125, 2.625],
					"texture": "#0"
				},
				"west": {
					"uv": [8.875, 1, 9.375, 2.625],
					"texture": "#0"
				},
				"up": {
					"uv": [8.875, 0.625, 8.125, 0],
					"texture": "#0"
				},
				"down": {
					"uv": [9.625, 0, 8.875, 0.625],
					"texture": "#0"
				}
			}
		}
	]
}