{
	"textures": {
		"5": "minecraft:custom/crafting_table_custom_1"
	},
	"elements": [
		{
			"from": [7, 7, 6.5],
			"to": [19, 8, 9.5],
			"rotation": {
				"angle": 0,
				"axis": "y",
				"origin": [-2, 0, 8]
			},
			"faces": {
				"north": {
					"uv": [9.75, 6, 12.75, 6.25],
					"texture": "#5"
				},
				"east": {
					"uv": [11, 10, 11.75, 10.25],
					"texture": "#5"
				},
				"south": {
					"uv": [12.75, 5.75, 9.75, 6],
					"texture": "#5"
				},
				"west": {
					"uv": [11.25, 1, 12, 1.25],
					"texture": "#5"
				},
				"up": {
					"uv": [9.5, 0.75, 6.5, 0],
					"texture": "#5"
				},
				"down": {
					"uv": [9.5, 4, 6.5, 4.75],
					"texture": "#5"
				}
			}
		},
		{
			"from": [17.5, 6, 7.5],
			"to": [18.5, 7, 8.5],
			"rotation": {
				"angle": 0,
				"axis": "y",
				"origin": [-2, 0, 8]
			},
			"faces": {
				"north": {
					"uv": [11.75, 10.25, 12, 10.5],
					"texture": "#5"
				},
				"east": {
					"uv": [10.5, 11.75, 10.75, 12],
					"texture": "#5"
				},
				"south": {
					"uv": [11.75, 10.5, 12, 10.75],
					"texture": "#5"
				},
				"west": {
					"uv": [10.75, 11.75, 11, 12],
					"texture": "#5"
				},
				"up": {
					"uv": [12, 11, 11.75, 10.75],
					"texture": "#5"
				},
				"down": {
					"uv": [11.25, 11.75, 11, 12],
					"texture": "#5"
				}
			}
		}
	],
	"display": {
		"head": {
			"rotation": [0, 180, 0]
		}
	}
}