{
	"textures": {
		"2": "minecraft:custom/crafting_table_side"
	},
	"elements": [
		{
			"from": [1, 8, 8],
			"to": [7, 9, 8],
			"rotation": {
				"angle": 0,
				"axis": "y",
				"origin": [-8, 2, 0]
			},
			"faces": {
				"north": {
					"uv": [7, 9, 1, 10],
					"texture": "#2"
				},
				"south": {
					"uv": [1, 9, 7, 10],
					"texture": "#2"
				}
			}
		},
		{
			"from": [9, 8, 8],
			"to": [15, 9, 8],
			"rotation": {
				"angle": 0,
				"axis": "y",
				"origin": [-8, 2, 0]
			},
			"faces": {
				"north": {
					"uv": [15, 9, 9, 10],
					"texture": "#2"
				},
				"south": {
					"uv": [9, 9, 15, 10],
					"texture": "#2"
				}
			}
		}
	],
	"display": {
		"head": {
			"rotation": [0, 180, 0]
		}
	}
}