{
	"textures": {
		"8": "minecraft:custom/crafting_table_inside"
	},
	"elements": [
		{
			"from": [10, 8, 12],
			"to": [16, 10, 16],
			"faces": {
				"north": {
					"uv": [0, 4, 3, 5],
					"texture": "#8"
				},
				"west": {
					"uv": [0, 7, 2, 8],
					"texture": "#8"
				},
				"up": {
					"uv": [3, 2, 0, 0],
					"texture": "#8"
				}
			}
		},
		{
			"from": [0, 8, 0],
			"to": [6, 10, 4],
			"faces": {
				"east": {
					"uv": [7.5, 0, 9.5, 1],
					"texture": "#8"
				},
				"south": {
					"uv": [4.5, 0, 7.5, 1],
					"texture": "#8"
				},
				"up": {
					"uv": [3, 4, 0, 2],
					"texture": "#8"
				}
			}
		},
		{
			"from": [10, 8, 10],
			"to": [16, 10, 11],
			"faces": {
				"north": {
					"uv": [4.5, 1, 7.5, 2],
					"texture": "#8"
				},
				"south": {
					"uv": [4.5, 2, 7.5, 3],
					"texture": "#8"
				},
				"west": {
					"uv": [9.5, 0, 10, 1],
					"texture": "#8"
				},
				"up": {
					"uv": [10.5, 1.5, 7.5, 1],
					"texture": "#8"
				}
			}
		},
		{
			"from": [15, 8, 9],
			"to": [16, 10, 10],
			"faces": {
				"north": {
					"uv": [10, 0, 10.5, 1],
					"texture": "#8"
				},
				"south": {
					"uv": [11, 9, 11.5, 10],
					"texture": "#8"
				},
				"west": {
					"uv": [11, 10, 11.5, 11],
					"texture": "#8"
				},
				"up": {
					"uv": [12, 12, 11.5, 11.5],
					"texture": "#8"
				}
			}
		},
		{
			"from": [11, 8, 11],
			"to": [16, 10, 12],
			"faces": {
				"north": {
					"uv": [0, 5, 2.5, 6],
					"texture": "#8"
				},
				"south": {
					"uv": [2.5, 5, 5, 6],
					"texture": "#8"
				},
				"west": {
					"uv": [11, 11, 11.5, 12],
					"texture": "#8"
				},
				"up": {
					"uv": [11.5, 4.5, 9, 4],
					"texture": "#8"
				}
			}
		},
		{
			"from": [12, 8, 7],
			"to": [15, 10, 10],
			"faces": {
				"north": {
					"uv": [7.5, 1.5, 9, 2.5],
					"texture": "#8"
				},
				"south": {
					"uv": [7.5, 2.5, 9, 3.5],
					"texture": "#8"
				},
				"west": {
					"uv": [7.5, 3.5, 9, 4.5],
					"texture": "#8"
				},
				"up": {
					"uv": [6, 7.5, 4.5, 6],
					"texture": "#8"
				}
			}
		},
		{
			"from": [0, 8, 4],
			"to": [5, 10, 5],
			"faces": {
				"north": {
					"uv": [5, 5, 7.5, 6],
					"texture": "#8"
				},
				"east": {
					"uv": [11.5, 0, 12, 1],
					"texture": "#8"
				},
				"south": {
					"uv": [0, 6, 2.5, 7],
					"texture": "#8"
				},
				"up": {
					"uv": [11.5, 5, 9, 4.5],
					"texture": "#8"
				}
			}
		},
		{
			"from": [0, 8, 5],
			"to": [6, 10, 6],
			"faces": {
				"north": {
					"uv": [4.5, 3, 7.5, 4],
					"texture": "#8"
				},
				"east": {
					"uv": [2, 11.5, 2.5, 12.5],
					"texture": "#8"
				},
				"south": {
					"uv": [4.5, 4, 7.5, 5],
					"texture": "#8"
				},
				"up": {
					"uv": [7.5, 8, 4.5, 7.5],
					"texture": "#8"
				}
			}
		},
		{
			"from": [0, 8, 6],
			"to": [1, 10, 7],
			"faces": {
				"north": {
					"uv": [2.5, 11.5, 3, 12.5],
					"texture": "#8"
				},
				"east": {
					"uv": [3, 11.5, 3.5, 12.5],
					"texture": "#8"
				},
				"south": {
					"uv": [3.5, 11.5, 4, 12.5],
					"texture": "#8"
				},
				"up": {
					"uv": [12.5, 0.5, 12, 0],
					"texture": "#8"
				}
			}
		},
		{
			"from": [1, 8, 6],
			"to": [4, 10, 9],
			"faces": {
				"north": {
					"uv": [7.5, 4.5, 9, 5.5],
					"texture": "#8"
				},
				"east": {
					"uv": [7.5, 5.5, 9, 6.5],
					"texture": "#8"
				},
				"south": {
					"uv": [7.5, 6.5, 9, 7.5],
					"texture": "#8"
				},
				"west": {
					"uv": [7.5, 7.5, 9, 8.5],
					"texture": "#8"
				},
				"up": {
					"uv": [7.5, 7.5, 6, 6],
					"texture": "#8"
				}
			}
		},
		{
			"from": [0, 8, 12],
			"to": [2, 13, 15],
			"faces": {
				"north": {
					"uv": [2.5, 6, 3.5, 8.5],
					"texture": "#8"
				},
				"east": {
					"uv": [3, 0, 4.5, 2.5],
					"texture": "#8"
				},
				"up": {
					"uv": [1, 9.5, 0, 8],
					"texture": "#8"
				}
			}
		},
		{
			"from": [0, 10, 9],
			"to": [1, 11, 12],
			"faces": {
				"north": {
					"uv": [12, 0.5, 12.5, 1],
					"texture": "#8"
				},
				"east": {
					"uv": [9, 8, 10.5, 8.5],
					"texture": "#8"
				},
				"south": {
					"uv": [12, 1.5, 12.5, 2],
					"texture": "#8"
				},
				"up": {
					"uv": [1, 12.5, 0.5, 11],
					"texture": "#8"
				},
				"down": {
					"uv": [1.5, 11, 1, 12.5],
					"texture": "#8"
				}
			}
		},
		{
			"from": [15, 10, 4],
			"to": [16, 11, 7],
			"faces": {
				"north": {
					"uv": [12, 2, 12.5, 2.5],
					"texture": "#8"
				},
				"south": {
					"uv": [12, 2.5, 12.5, 3],
					"texture": "#8"
				},
				"west": {
					"uv": [10.5, 8, 12, 8.5],
					"texture": "#8"
				},
				"up": {
					"uv": [2, 12.5, 1.5, 11],
					"texture": "#8"
				},
				"down": {
					"uv": [4.5, 11, 4, 12.5],
					"texture": "#8"
				}
			}
		},
		{
			"from": [14, 8, 1],
			"to": [16, 13, 4],
			"faces": {
				"south": {
					"uv": [3.5, 6, 4.5, 8.5],
					"texture": "#8"
				},
				"west": {
					"uv": [3, 2.5, 4.5, 5],
					"texture": "#8"
				},
				"up": {
					"uv": [2, 9.5, 1, 8],
					"texture": "#8"
				}
			}
		},
		{
			"from": [2, 8, 15],
			"to": [4, 11, 16],
			"faces": {
				"north": {
					"uv": [4.5, 8, 5.5, 9.5],
					"texture": "#8"
				},
				"east": {
					"uv": [4.5, 11, 5, 12.5],
					"texture": "#8"
				},
				"west": {
					"uv": [5, 11, 5.5, 12.5],
					"texture": "#8"
				},
				"up": {
					"uv": [12.5, 1.5, 11.5, 1],
					"texture": "#8"
				}
			}
		},
		{
			"from": [12, 8, 0],
			"to": [14, 11, 1],
			"faces": {
				"east": {
					"uv": [11, 5, 11.5, 6.5],
					"texture": "#8"
				},
				"south": {
					"uv": [5.5, 8, 6.5, 9.5],
					"texture": "#8"
				},
				"west": {
					"uv": [5.5, 11, 6, 12.5],
					"texture": "#8"
				},
				"up": {
					"uv": [12.5, 4.5, 11.5, 4],
					"texture": "#8"
				}
			}
		},
		{
			"from": [2, 8, 13],
			"to": [4, 11, 14],
			"faces": {
				"north": {
					"uv": [6.5, 8, 7.5, 9.5],
					"texture": "#8"
				},
				"east": {
					"uv": [6, 11, 6.5, 12.5],
					"texture": "#8"
				},
				"south": {
					"uv": [2, 8.5, 3, 10],
					"texture": "#8"
				},
				"west": {
					"uv": [6.5, 11, 7, 12.5],
					"texture": "#8"
				},
				"up": {
					"uv": [12.5, 5, 11.5, 4.5],
					"texture": "#8"
				}
			}
		},
		{
			"from": [12, 8, 2],
			"to": [14, 11, 3],
			"faces": {
				"north": {
					"uv": [3, 8.5, 4, 10],
					"texture": "#8"
				},
				"east": {
					"uv": [11, 6.5, 11.5, 8],
					"texture": "#8"
				},
				"south": {
					"uv": [7.5, 8.5, 8.5, 10],
					"texture": "#8"
				},
				"west": {
					"uv": [7, 11, 7.5, 12.5],
					"texture": "#8"
				},
				"up": {
					"uv": [12.5, 5.5, 11.5, 5],
					"texture": "#8"
				}
			}
		},
		{
			"from": [4, 8, 13],
			"to": [10, 9, 14],
			"faces": {
				"north": {
					"uv": [8.5, 8.5, 11.5, 9],
					"texture": "#8"
				},
				"east": {
					"uv": [12, 3, 12.5, 3.5],
					"texture": "#8"
				},
				"south": {
					"uv": [9, 1.5, 12, 2],
					"texture": "#8"
				},
				"west": {
					"uv": [12, 3.5, 12.5, 4],
					"texture": "#8"
				},
				"up": {
					"uv": [12, 2.5, 9, 2],
					"texture": "#8"
				}
			}
		},
		{
			"from": [6, 8, 2],
			"to": [12, 9, 3],
			"faces": {
				"north": {
					"uv": [9, 2.5, 12, 3],
					"texture": "#8"
				},
				"east": {
					"uv": [12, 5.5, 12.5, 6],
					"texture": "#8"
				},
				"south": {
					"uv": [9, 3, 12, 3.5],
					"texture": "#8"
				},
				"west": {
					"uv": [12, 6, 12.5, 6.5],
					"texture": "#8"
				},
				"up": {
					"uv": [12, 4, 9, 3.5],
					"texture": "#8"
				}
			}
		},
		{
			"from": [1, 8, 15],
			"to": [2, 13, 16],
			"faces": {
				"north": {
					"uv": [4, 8.5, 4.5, 11],
					"texture": "#8"
				},
				"east": {
					"uv": [9, 5, 9.5, 7.5],
					"texture": "#8"
				},
				"up": {
					"uv": [12.5, 7, 12, 6.5],
					"texture": "#8"
				}
			}
		},
		{
			"from": [14, 8, 0],
			"to": [15, 13, 1],
			"faces": {
				"south": {
					"uv": [8.5, 9, 9, 11.5],
					"texture": "#8"
				},
				"west": {
					"uv": [9, 9, 9.5, 11.5],
					"texture": "#8"
				},
				"up": {
					"uv": [12.5, 7.5, 12, 7],
					"texture": "#8"
				}
			}
		}
	],
	"display": {
		"head": {
			"rotation": [0, 180, 0]
		}
	}
}