{
	"textures": {
		"6": "minecraft:custom/gear"
	},
	"elements": [
		{
			"from": [7.0625, 6.4375, 7.925],
			"to": [8, 10.5, 8.2375],
			"rotation": {
				"angle": 0,
				"axis": "y",
				"origin": [5.5, 5.5, 7.925]
			},
			"faces": {
				"north": {
					"uv": [8, 0, 5, 13],
					"texture": "#6"
				},
				"east": {
					"uv": [7, 0, 8, 13],
					"texture": "#6"
				},
				"south": {
					"uv": [5, 0, 8, 13],
					"texture": "#6"
				},
				"west": {
					"uv": [5, 0, 6, 13],
					"texture": "#6"
				},
				"up": {
					"uv": [5, 0, 8, 1],
					"texture": "#6"
				},
				"down": {
					"uv": [5, 12, 8, 13],
					"texture": "#6"
				}
			}
		},
		{
			"from": [8.9375, 9.5625, 7.925],
			"to": [9.5625, 10.1875, 8.2375],
			"rotation": {
				"angle": 0,
				"axis": "y",
				"origin": [5.5, 5.5, 7.925]
			},
			"faces": {
				"north": {
					"uv": [13, 1, 11, 3],
					"texture": "#6"
				},
				"east": {
					"uv": [12, 1, 13, 3],
					"texture": "#6"
				},
				"south": {
					"uv": [11, 1, 13, 3],
					"texture": "#6"
				},
				"west": {
					"uv": [11, 1, 12, 3],
					"texture": "#6"
				},
				"up": {
					"uv": [11, 1, 13, 2],
					"texture": "#6"
				},
				"down": {
					"uv": [11, 2, 13, 3],
					"texture": "#6"
				}
			}
		},
		{
			"from": [8, 5.5, 7.925],
			"to": [8.3125, 9.875, 8.2375],
			"rotation": {
				"angle": 0,
				"axis": "y",
				"origin": [5.5, 5.5, 7.925]
			},
			"faces": {
				"north": {
					"uv": [9, 2, 8, 16],
					"texture": "#6"
				},
				"east": {
					"uv": [8, 2, 9, 16],
					"texture": "#6"
				},
				"south": {
					"uv": [8, 2, 9, 16],
					"texture": "#6"
				},
				"west": {
					"uv": [8, 2, 9, 16],
					"texture": "#6"
				},
				"up": {
					"uv": [8, 2, 9, 3],
					"texture": "#6"
				},
				"down": {
					"uv": [8, 15, 9, 16],
					"texture": "#6"
				}
			}
		},
		{
			"from": [8.625, 5.5, 7.925],
			"to": [8.9375, 9.875, 8.2375],
			"rotation": {
				"angle": 0,
				"axis": "y",
				"origin": [5.5, 5.5, 7.925]
			},
			"faces": {
				"north": {
					"uv": [11, 2, 10, 16],
					"texture": "#6"
				},
				"east": {
					"uv": [10, 2, 11, 16],
					"texture": "#6"
				},
				"south": {
					"uv": [10, 2, 11, 16],
					"texture": "#6"
				},
				"west": {
					"uv": [10, 2, 11, 16],
					"texture": "#6"
				},
				"up": {
					"uv": [10, 2, 11, 3],
					"texture": "#6"
				},
				"down": {
					"uv": [10, 15, 11, 16],
					"texture": "#6"
				}
			}
		},
		{
			"from": [5.8125, 8.9375, 7.925],
			"to": [6.4375, 9.5625, 8.2375],
			"rotation": {
				"angle": 0,
				"axis": "y",
				"origin": [5.5, 5.5, 7.925]
			},
			"faces": {
				"north": {
					"uv": [3, 3, 1, 5],
					"texture": "#6"
				},
				"east": {
					"uv": [2, 3, 3, 5],
					"texture": "#6"
				},
				"south": {
					"uv": [1, 3, 3, 5],
					"texture": "#6"
				},
				"west": {
					"uv": [1, 3, 2, 5],
					"texture": "#6"
				},
				"up": {
					"uv": [1, 3, 3, 4],
					"texture": "#6"
				},
				"down": {
					"uv": [1, 4, 3, 5],
					"texture": "#6"
				}
			}
		},
		{
			"from": [8.3125, 5.5, 7.925],
			"to": [8.625, 9.5625, 8.2375],
			"rotation": {
				"angle": 0,
				"axis": "y",
				"origin": [5.5, 5.5, 7.925]
			},
			"faces": {
				"north": {
					"uv": [10, 3, 9, 16],
					"texture": "#6"
				},
				"east": {
					"uv": [9, 3, 10, 16],
					"texture": "#6"
				},
				"south": {
					"uv": [9, 3, 10, 16],
					"texture": "#6"
				},
				"west": {
					"uv": [9, 3, 10, 16],
					"texture": "#6"
				},
				"up": {
					"uv": [9, 3, 10, 4],
					"texture": "#6"
				},
				"down": {
					"uv": [9, 15, 10, 16],
					"texture": "#6"
				}
			}
		},
		{
			"from": [8.9375, 6.75, 7.925],
			"to": [9.25, 9.5625, 8.2375],
			"rotation": {
				"angle": 0,
				"axis": "y",
				"origin": [5.5, 5.5, 7.925]
			},
			"faces": {
				"north": {
					"uv": [12, 3, 11, 12],
					"texture": "#6"
				},
				"east": {
					"uv": [11, 3, 12, 12],
					"texture": "#6"
				},
				"south": {
					"uv": [11, 3, 12, 12],
					"texture": "#6"
				},
				"west": {
					"uv": [11, 3, 12, 12],
					"texture": "#6"
				},
				"up": {
					"uv": [11, 3, 12, 4],
					"texture": "#6"
				},
				"down": {
					"uv": [11, 11, 12, 12],
					"texture": "#6"
				}
			}
		},
		{
			"from": [6.4375, 7.0625, 7.925],
			"to": [7.0625, 9.25, 8.2375],
			"rotation": {
				"angle": 0,
				"axis": "y",
				"origin": [5.5, 5.5, 7.925]
			},
			"faces": {
				"north": {
					"uv": [5, 4, 3, 11],
					"texture": "#6"
				},
				"east": {
					"uv": [4, 4, 5, 11],
					"texture": "#6"
				},
				"south": {
					"uv": [3, 4, 5, 11],
					"texture": "#6"
				},
				"west": {
					"uv": [3, 4, 4, 11],
					"texture": "#6"
				},
				"up": {
					"uv": [3, 4, 5, 5],
					"texture": "#6"
				},
				"down": {
					"uv": [3, 10, 5, 11],
					"texture": "#6"
				}
			}
		},
		{
			"from": [6.125, 8.625, 7.925],
			"to": [6.4375, 8.9375, 8.2375],
			"rotation": {
				"angle": 0,
				"axis": "y",
				"origin": [5.5, 5.5, 7.925]
			},
			"faces": {
				"north": {
					"uv": [3, 5, 2, 6],
					"texture": "#6"
				},
				"east": {
					"uv": [2, 5, 3, 6],
					"texture": "#6"
				},
				"south": {
					"uv": [2, 5, 3, 6],
					"texture": "#6"
				},
				"west": {
					"uv": [2, 5, 3, 6],
					"texture": "#6"
				},
				"up": {
					"uv": [2, 5, 3, 6],
					"texture": "#6"
				},
				"down": {
					"uv": [2, 5, 3, 6],
					"texture": "#6"
				}
			}
		},
		{
			"from": [9.25, 8, 7.925],
			"to": [10.5, 8.9375, 8.2375],
			"rotation": {
				"angle": 0,
				"axis": "y",
				"origin": [5.5, 5.5, 7.925]
			},
			"faces": {
				"north": {
					"uv": [16, 5, 12, 8],
					"texture": "#6"
				},
				"east": {
					"uv": [15, 5, 16, 8],
					"texture": "#6"
				},
				"south": {
					"uv": [12, 5, 16, 8],
					"texture": "#6"
				},
				"west": {
					"uv": [12, 5, 13, 8],
					"texture": "#6"
				},
				"up": {
					"uv": [12, 5, 16, 6],
					"texture": "#6"
				},
				"down": {
					"uv": [12, 7, 16, 8],
					"texture": "#6"
				}
			}
		},
		{
			"from": [6.125, 7.0625, 7.925],
			"to": [6.4375, 8.3125, 8.2375],
			"rotation": {
				"angle": 0,
				"axis": "y",
				"origin": [5.5, 5.5, 7.925]
			},
			"faces": {
				"north": {
					"uv": [3, 7, 2, 11],
					"texture": "#6"
				},
				"east": {
					"uv": [2, 7, 3, 11],
					"texture": "#6"
				},
				"south": {
					"uv": [2, 7, 3, 11],
					"texture": "#6"
				},
				"west": {
					"uv": [2, 7, 3, 11],
					"texture": "#6"
				},
				"up": {
					"uv": [2, 7, 3, 8],
					"texture": "#6"
				},
				"down": {
					"uv": [2, 10, 3, 11],
					"texture": "#6"
				}
			}
		},
		{
			"from": [5.5, 7.0625, 7.925],
			"to": [6.125, 8, 8.2375],
			"rotation": {
				"angle": 0,
				"axis": "y",
				"origin": [5.5, 5.5, 7.925]
			},
			"faces": {
				"north": {
					"uv": [2, 8, 0, 11],
					"texture": "#6"
				},
				"east": {
					"uv": [1, 8, 2, 11],
					"texture": "#6"
				},
				"south": {
					"uv": [0, 8, 2, 11],
					"texture": "#6"
				},
				"west": {
					"uv": [0, 8, 1, 11],
					"texture": "#6"
				},
				"up": {
					"uv": [0, 8, 2, 9],
					"texture": "#6"
				},
				"down": {
					"uv": [0, 10, 2, 11],
					"texture": "#6"
				}
			}
		},
		{
			"from": [9.25, 7.6875, 7.925],
			"to": [9.875, 8, 8.2375],
			"rotation": {
				"angle": 0,
				"axis": "y",
				"origin": [5.5, 5.5, 7.925]
			},
			"faces": {
				"north": {
					"uv": [14, 8, 12, 9],
					"texture": "#6"
				},
				"east": {
					"uv": [13, 8, 14, 9],
					"texture": "#6"
				},
				"south": {
					"uv": [12, 8, 14, 9],
					"texture": "#6"
				},
				"west": {
					"uv": [12, 8, 13, 9],
					"texture": "#6"
				},
				"up": {
					"uv": [12, 8, 14, 9],
					"texture": "#6"
				},
				"down": {
					"uv": [12, 8, 14, 9],
					"texture": "#6"
				}
			}
		},
		{
			"from": [9.25, 6.75, 7.925],
			"to": [9.5625, 7.6875, 8.2375],
			"rotation": {
				"angle": 0,
				"axis": "y",
				"origin": [5.5, 5.5, 7.925]
			},
			"faces": {
				"north": {
					"uv": [13, 9, 12, 12],
					"texture": "#6"
				},
				"east": {
					"uv": [12, 9, 13, 12],
					"texture": "#6"
				},
				"south": {
					"uv": [12, 9, 13, 12],
					"texture": "#6"
				},
				"west": {
					"uv": [12, 9, 13, 12],
					"texture": "#6"
				},
				"up": {
					"uv": [12, 9, 13, 10],
					"texture": "#6"
				},
				"down": {
					"uv": [12, 11, 13, 12],
					"texture": "#6"
				}
			}
		},
		{
			"from": [9.5625, 6.4375, 7.925],
			"to": [9.875, 7.375, 8.2375],
			"rotation": {
				"angle": 0,
				"axis": "y",
				"origin": [5.5, 5.5, 7.925]
			},
			"faces": {
				"north": {
					"uv": [14, 10, 13, 13],
					"texture": "#6"
				},
				"east": {
					"uv": [13, 10, 14, 13],
					"texture": "#6"
				},
				"south": {
					"uv": [13, 10, 14, 13],
					"texture": "#6"
				},
				"west": {
					"uv": [13, 10, 14, 13],
					"texture": "#6"
				},
				"up": {
					"uv": [13, 10, 14, 11],
					"texture": "#6"
				},
				"down": {
					"uv": [13, 12, 14, 13],
					"texture": "#6"
				}
			}
		},
		{
			"from": [6.75, 5.8125, 7.925],
			"to": [7.0625, 7.0625, 8.2375],
			"rotation": {
				"angle": 0,
				"axis": "y",
				"origin": [5.5, 5.5, 7.925]
			},
			"faces": {
				"north": {
					"uv": [5, 11, 4, 15],
					"texture": "#6"
				},
				"east": {
					"uv": [4, 11, 5, 15],
					"texture": "#6"
				},
				"south": {
					"uv": [4, 11, 5, 15],
					"texture": "#6"
				},
				"west": {
					"uv": [4, 11, 5, 15],
					"texture": "#6"
				},
				"up": {
					"uv": [4, 11, 5, 12],
					"texture": "#6"
				},
				"down": {
					"uv": [4, 14, 5, 15],
					"texture": "#6"
				}
			}
		},
		{
			"from": [9.875, 6.4375, 7.925],
			"to": [10.1875, 7.0625, 8.2375],
			"rotation": {
				"angle": 0,
				"axis": "y",
				"origin": [5.5, 5.5, 7.925]
			},
			"faces": {
				"north": {
					"uv": [15, 11, 14, 13],
					"texture": "#6"
				},
				"east": {
					"uv": [14, 11, 15, 13],
					"texture": "#6"
				},
				"south": {
					"uv": [14, 11, 15, 13],
					"texture": "#6"
				},
				"west": {
					"uv": [14, 11, 15, 13],
					"texture": "#6"
				},
				"up": {
					"uv": [14, 11, 15, 12],
					"texture": "#6"
				},
				"down": {
					"uv": [14, 12, 15, 13],
					"texture": "#6"
				}
			}
		},
		{
			"from": [6.4375, 5.8125, 7.925],
			"to": [6.75, 6.4375, 8.2375],
			"rotation": {
				"angle": 0,
				"axis": "y",
				"origin": [5.5, 5.5, 7.925]
			},
			"faces": {
				"north": {
					"uv": [4, 13, 3, 15],
					"texture": "#6"
				},
				"east": {
					"uv": [3, 13, 4, 15],
					"texture": "#6"
				},
				"south": {
					"uv": [3, 13, 4, 15],
					"texture": "#6"
				},
				"west": {
					"uv": [3, 13, 4, 15],
					"texture": "#6"
				},
				"up": {
					"uv": [3, 13, 4, 14],
					"texture": "#6"
				},
				"down": {
					"uv": [3, 14, 4, 15],
					"texture": "#6"
				}
			}
		},
		{
			"from": [7.0625, 6.125, 7.925],
			"to": [7.375, 6.4375, 8.2375],
			"rotation": {
				"angle": 0,
				"axis": "y",
				"origin": [5.5, 5.5, 7.925]
			},
			"faces": {
				"north": {
					"uv": [6, 13, 5, 14],
					"texture": "#6"
				},
				"east": {
					"uv": [5, 13, 6, 14],
					"texture": "#6"
				},
				"south": {
					"uv": [5, 13, 6, 14],
					"texture": "#6"
				},
				"west": {
					"uv": [5, 13, 6, 14],
					"texture": "#6"
				},
				"up": {
					"uv": [5, 13, 6, 14],
					"texture": "#6"
				},
				"down": {
					"uv": [5, 13, 6, 14],
					"texture": "#6"
				}
			}
		},
		{
			"from": [7.6875, 6.125, 7.925],
			"to": [8, 6.4375, 8.2375],
			"rotation": {
				"angle": 0,
				"axis": "y",
				"origin": [5.5, 5.5, 7.925]
			},
			"faces": {
				"north": {
					"uv": [8, 13, 7, 14],
					"texture": "#6"
				},
				"east": {
					"uv": [7, 13, 8, 14],
					"texture": "#6"
				},
				"south": {
					"uv": [7, 13, 8, 14],
					"texture": "#6"
				},
				"west": {
					"uv": [7, 13, 8, 14],
					"texture": "#6"
				},
				"up": {
					"uv": [7, 13, 8, 14],
					"texture": "#6"
				},
				"down": {
					"uv": [7, 13, 8, 14],
					"texture": "#6"
				}
			}
		}
	],
	"display": {
		"head": {
			"rotation": [0, 180, 0]
		}
	}
}