{
	"textures": {
		"6": "minecraft:custom/gear"
	},
	"elements": [
		{
			"from": [11.85938, 13.17188, 4.59375],
			"to": [12.75, 17.03125, 4.89063],
			"rotation": {
				"angle": 0,
				"axis": "y",
				"origin": [10.375, 12.28125, 4.59375]
			},
			"faces": {
				"north": {
					"uv": [8, 0, 5, 13],
					"texture": "#6"
				},
				"east": {
					"uv": [7, 0, 8, 13],
					"texture": "#6"
				},
				"south": {
					"uv": [5, 0, 8, 13],
					"texture": "#6"
				},
				"west": {
					"uv": [5, 0, 6, 13],
					"texture": "#6"
				},
				"up": {
					"uv": [5, 0, 8, 1],
					"texture": "#6"
				},
				"down": {
					"uv": [5, 12, 8, 13],
					"texture": "#6"
				}
			}
		},
		{
			"from": [13.64063, 16.14063, 4.59375],
			"to": [14.23438, 16.73438, 4.89063],
			"rotation": {
				"angle": 0,
				"axis": "y",
				"origin": [10.375, 12.28125, 4.59375]
			},
			"faces": {
				"north": {
					"uv": [13, 1, 11, 3],
					"texture": "#6"
				},
				"east": {
					"uv": [12, 1, 13, 3],
					"texture": "#6"
				},
				"south": {
					"uv": [11, 1, 13, 3],
					"texture": "#6"
				},
				"west": {
					"uv": [11, 1, 12, 3],
					"texture": "#6"
				},
				"up": {
					"uv": [11, 1, 13, 2],
					"texture": "#6"
				},
				"down": {
					"uv": [11, 2, 13, 3],
					"texture": "#6"
				}
			}
		},
		{
			"from": [12.75, 12.28125, 4.59375],
			"to": [13.04688, 16.4375, 4.89063],
			"rotation": {
				"angle": 0,
				"axis": "y",
				"origin": [10.375, 12.28125, 4.59375]
			},
			"faces": {
				"north": {
					"uv": [9, 2, 8, 16],
					"texture": "#6"
				},
				"east": {
					"uv": [8, 2, 9, 16],
					"texture": "#6"
				},
				"south": {
					"uv": [8, 2, 9, 16],
					"texture": "#6"
				},
				"west": {
					"uv": [8, 2, 9, 16],
					"texture": "#6"
				},
				"up": {
					"uv": [8, 2, 9, 3],
					"texture": "#6"
				},
				"down": {
					"uv": [8, 15, 9, 16],
					"texture": "#6"
				}
			}
		},
		{
			"from": [13.34375, 12.28125, 4.59375],
			"to": [13.64063, 16.4375, 4.89063],
			"rotation": {
				"angle": 0,
				"axis": "y",
				"origin": [10.375, 12.28125, 4.59375]
			},
			"faces": {
				"north": {
					"uv": [11, 2, 10, 16],
					"texture": "#6"
				},
				"east": {
					"uv": [10, 2, 11, 16],
					"texture": "#6"
				},
				"south": {
					"uv": [10, 2, 11, 16],
					"texture": "#6"
				},
				"west": {
					"uv": [10, 2, 11, 16],
					"texture": "#6"
				},
				"up": {
					"uv": [10, 2, 11, 3],
					"texture": "#6"
				},
				"down": {
					"uv": [10, 15, 11, 16],
					"texture": "#6"
				}
			}
		},
		{
			"from": [10.67188, 15.54688, 4.59375],
			"to": [11.26563, 16.14063, 4.89063],
			"rotation": {
				"angle": 0,
				"axis": "y",
				"origin": [10.375, 12.28125, 4.59375]
			},
			"faces": {
				"north": {
					"uv": [3, 3, 1, 5],
					"texture": "#6"
				},
				"east": {
					"uv": [2, 3, 3, 5],
					"texture": "#6"
				},
				"south": {
					"uv": [1, 3, 3, 5],
					"texture": "#6"
				},
				"west": {
					"uv": [1, 3, 2, 5],
					"texture": "#6"
				},
				"up": {
					"uv": [1, 3, 3, 4],
					"texture": "#6"
				},
				"down": {
					"uv": [1, 4, 3, 5],
					"texture": "#6"
				}
			}
		},
		{
			"from": [13.04688, 12.28125, 4.59375],
			"to": [13.34375, 16.14063, 4.89063],
			"rotation": {
				"angle": 0,
				"axis": "y",
				"origin": [10.375, 12.28125, 4.59375]
			},
			"faces": {
				"north": {
					"uv": [10, 3, 9, 16],
					"texture": "#6"
				},
				"east": {
					"uv": [9, 3, 10, 16],
					"texture": "#6"
				},
				"south": {
					"uv": [9, 3, 10, 16],
					"texture": "#6"
				},
				"west": {
					"uv": [9, 3, 10, 16],
					"texture": "#6"
				},
				"up": {
					"uv": [9, 3, 10, 4],
					"texture": "#6"
				},
				"down": {
					"uv": [9, 15, 10, 16],
					"texture": "#6"
				}
			}
		},
		{
			"from": [13.64063, 13.46875, 4.59375],
			"to": [13.9375, 16.14063, 4.89063],
			"rotation": {
				"angle": 0,
				"axis": "y",
				"origin": [10.375, 12.28125, 4.59375]
			},
			"faces": {
				"north": {
					"uv": [12, 3, 11, 12],
					"texture": "#6"
				},
				"east": {
					"uv": [11, 3, 12, 12],
					"texture": "#6"
				},
				"south": {
					"uv": [11, 3, 12, 12],
					"texture": "#6"
				},
				"west": {
					"uv": [11, 3, 12, 12],
					"texture": "#6"
				},
				"up": {
					"uv": [11, 3, 12, 4],
					"texture": "#6"
				},
				"down": {
					"uv": [11, 11, 12, 12],
					"texture": "#6"
				}
			}
		},
		{
			"from": [11.26563, 13.76563, 4.59375],
			"to": [11.85938, 15.84375, 4.89063],
			"rotation": {
				"angle": 0,
				"axis": "y",
				"origin": [10.375, 12.28125, 4.59375]
			},
			"faces": {
				"north": {
					"uv": [5, 4, 3, 11],
					"texture": "#6"
				},
				"east": {
					"uv": [4, 4, 5, 11],
					"texture": "#6"
				},
				"south": {
					"uv": [3, 4, 5, 11],
					"texture": "#6"
				},
				"west": {
					"uv": [3, 4, 4, 11],
					"texture": "#6"
				},
				"up": {
					"uv": [3, 4, 5, 5],
					"texture": "#6"
				},
				"down": {
					"uv": [3, 10, 5, 11],
					"texture": "#6"
				}
			}
		},
		{
			"from": [10.96875, 15.25, 4.59375],
			"to": [11.26563, 15.54688, 4.89063],
			"rotation": {
				"angle": 0,
				"axis": "y",
				"origin": [10.375, 12.28125, 4.59375]
			},
			"faces": {
				"north": {
					"uv": [3, 5, 2, 6],
					"texture": "#6"
				},
				"east": {
					"uv": [2, 5, 3, 6],
					"texture": "#6"
				},
				"south": {
					"uv": [2, 5, 3, 6],
					"texture": "#6"
				},
				"west": {
					"uv": [2, 5, 3, 6],
					"texture": "#6"
				},
				"up": {
					"uv": [2, 5, 3, 6],
					"texture": "#6"
				},
				"down": {
					"uv": [2, 5, 3, 6],
					"texture": "#6"
				}
			}
		},
		{
			"from": [13.9375, 14.65625, 4.59375],
			"to": [15.125, 15.54688, 4.89063],
			"rotation": {
				"angle": 0,
				"axis": "y",
				"origin": [10.375, 12.28125, 4.59375]
			},
			"faces": {
				"north": {
					"uv": [16, 5, 12, 8],
					"texture": "#6"
				},
				"east": {
					"uv": [15, 5, 16, 8],
					"texture": "#6"
				},
				"south": {
					"uv": [12, 5, 16, 8],
					"texture": "#6"
				},
				"west": {
					"uv": [12, 5, 13, 8],
					"texture": "#6"
				},
				"up": {
					"uv": [12, 5, 16, 6],
					"texture": "#6"
				},
				"down": {
					"uv": [12, 7, 16, 8],
					"texture": "#6"
				}
			}
		},
		{
			"from": [10.96875, 13.76563, 4.59375],
			"to": [11.26563, 14.95313, 4.89063],
			"rotation": {
				"angle": 0,
				"axis": "y",
				"origin": [10.375, 12.28125, 4.59375]
			},
			"faces": {
				"north": {
					"uv": [3, 7, 2, 11],
					"texture": "#6"
				},
				"east": {
					"uv": [2, 7, 3, 11],
					"texture": "#6"
				},
				"south": {
					"uv": [2, 7, 3, 11],
					"texture": "#6"
				},
				"west": {
					"uv": [2, 7, 3, 11],
					"texture": "#6"
				},
				"up": {
					"uv": [2, 7, 3, 8],
					"texture": "#6"
				},
				"down": {
					"uv": [2, 10, 3, 11],
					"texture": "#6"
				}
			}
		},
		{
			"from": [10.375, 13.76563, 4.59375],
			"to": [10.96875, 14.65625, 4.89063],
			"rotation": {
				"angle": 0,
				"axis": "y",
				"origin": [10.375, 12.28125, 4.59375]
			},
			"faces": {
				"north": {
					"uv": [2, 8, 0, 11],
					"texture": "#6"
				},
				"east": {
					"uv": [1, 8, 2, 11],
					"texture": "#6"
				},
				"south": {
					"uv": [0, 8, 2, 11],
					"texture": "#6"
				},
				"west": {
					"uv": [0, 8, 1, 11],
					"texture": "#6"
				},
				"up": {
					"uv": [0, 8, 2, 9],
					"texture": "#6"
				},
				"down": {
					"uv": [0, 10, 2, 11],
					"texture": "#6"
				}
			}
		},
		{
			"from": [13.9375, 14.35938, 4.59375],
			"to": [14.53125, 14.65625, 4.89063],
			"rotation": {
				"angle": 0,
				"axis": "y",
				"origin": [10.375, 12.28125, 4.59375]
			},
			"faces": {
				"north": {
					"uv": [14, 8, 12, 9],
					"texture": "#6"
				},
				"east": {
					"uv": [13, 8, 14, 9],
					"texture": "#6"
				},
				"south": {
					"uv": [12, 8, 14, 9],
					"texture": "#6"
				},
				"west": {
					"uv": [12, 8, 13, 9],
					"texture": "#6"
				},
				"up": {
					"uv": [12, 8, 14, 9],
					"texture": "#6"
				},
				"down": {
					"uv": [12, 8, 14, 9],
					"texture": "#6"
				}
			}
		},
		{
			"from": [13.9375, 13.46875, 4.59375],
			"to": [14.23438, 14.35938, 4.89063],
			"rotation": {
				"angle": 0,
				"axis": "y",
				"origin": [10.375, 12.28125, 4.59375]
			},
			"faces": {
				"north": {
					"uv": [13, 9, 12, 12],
					"texture": "#6"
				},
				"east": {
					"uv": [12, 9, 13, 12],
					"texture": "#6"
				},
				"south": {
					"uv": [12, 9, 13, 12],
					"texture": "#6"
				},
				"west": {
					"uv": [12, 9, 13, 12],
					"texture": "#6"
				},
				"up": {
					"uv": [12, 9, 13, 10],
					"texture": "#6"
				},
				"down": {
					"uv": [12, 11, 13, 12],
					"texture": "#6"
				}
			}
		},
		{
			"from": [14.23438, 13.17188, 4.59375],
			"to": [14.53125, 14.0625, 4.89063],
			"rotation": {
				"angle": 0,
				"axis": "y",
				"origin": [10.375, 12.28125, 4.59375]
			},
			"faces": {
				"north": {
					"uv": [14, 10, 13, 13],
					"texture": "#6"
				},
				"east": {
					"uv": [13, 10, 14, 13],
					"texture": "#6"
				},
				"south": {
					"uv": [13, 10, 14, 13],
					"texture": "#6"
				},
				"west": {
					"uv": [13, 10, 14, 13],
					"texture": "#6"
				},
				"up": {
					"uv": [13, 10, 14, 11],
					"texture": "#6"
				},
				"down": {
					"uv": [13, 12, 14, 13],
					"texture": "#6"
				}
			}
		},
		{
			"from": [11.5625, 12.57813, 4.59375],
			"to": [11.85938, 13.76563, 4.89063],
			"rotation": {
				"angle": 0,
				"axis": "y",
				"origin": [10.375, 12.28125, 4.59375]
			},
			"faces": {
				"north": {
					"uv": [5, 11, 4, 15],
					"texture": "#6"
				},
				"east": {
					"uv": [4, 11, 5, 15],
					"texture": "#6"
				},
				"south": {
					"uv": [4, 11, 5, 15],
					"texture": "#6"
				},
				"west": {
					"uv": [4, 11, 5, 15],
					"texture": "#6"
				},
				"up": {
					"uv": [4, 11, 5, 12],
					"texture": "#6"
				},
				"down": {
					"uv": [4, 14, 5, 15],
					"texture": "#6"
				}
			}
		},
		{
			"from": [14.53125, 13.17188, 4.59375],
			"to": [14.82813, 13.76563, 4.89063],
			"rotation": {
				"angle": 0,
				"axis": "y",
				"origin": [10.375, 12.28125, 4.59375]
			},
			"faces": {
				"north": {
					"uv": [15, 11, 14, 13],
					"texture": "#6"
				},
				"east": {
					"uv": [14, 11, 15, 13],
					"texture": "#6"
				},
				"south": {
					"uv": [14, 11, 15, 13],
					"texture": "#6"
				},
				"west": {
					"uv": [14, 11, 15, 13],
					"texture": "#6"
				},
				"up": {
					"uv": [14, 11, 15, 12],
					"texture": "#6"
				},
				"down": {
					"uv": [14, 12, 15, 13],
					"texture": "#6"
				}
			}
		},
		{
			"from": [11.26563, 12.57813, 4.59375],
			"to": [11.5625, 13.17188, 4.89063],
			"rotation": {
				"angle": 0,
				"axis": "y",
				"origin": [10.375, 12.28125, 4.59375]
			},
			"faces": {
				"north": {
					"uv": [4, 13, 3, 15],
					"texture": "#6"
				},
				"east": {
					"uv": [3, 13, 4, 15],
					"texture": "#6"
				},
				"south": {
					"uv": [3, 13, 4, 15],
					"texture": "#6"
				},
				"west": {
					"uv": [3, 13, 4, 15],
					"texture": "#6"
				},
				"up": {
					"uv": [3, 13, 4, 14],
					"texture": "#6"
				},
				"down": {
					"uv": [3, 14, 4, 15],
					"texture": "#6"
				}
			}
		},
		{
			"from": [11.85938, 12.875, 4.59375],
			"to": [12.15625, 13.17188, 4.89063],
			"rotation": {
				"angle": 0,
				"axis": "y",
				"origin": [10.375, 12.28125, 4.59375]
			},
			"faces": {
				"north": {
					"uv": [6, 13, 5, 14],
					"texture": "#6"
				},
				"east": {
					"uv": [5, 13, 6, 14],
					"texture": "#6"
				},
				"south": {
					"uv": [5, 13, 6, 14],
					"texture": "#6"
				},
				"west": {
					"uv": [5, 13, 6, 14],
					"texture": "#6"
				},
				"up": {
					"uv": [5, 13, 6, 14],
					"texture": "#6"
				},
				"down": {
					"uv": [5, 13, 6, 14],
					"texture": "#6"
				}
			}
		},
		{
			"from": [12.45313, 12.875, 4.59375],
			"to": [12.75, 13.17188, 4.89063],
			"rotation": {
				"angle": 0,
				"axis": "y",
				"origin": [10.375, 12.28125, 4.59375]
			},
			"faces": {
				"north": {
					"uv": [8, 13, 7, 14],
					"texture": "#6"
				},
				"east": {
					"uv": [7, 13, 8, 14],
					"texture": "#6"
				},
				"south": {
					"uv": [7, 13, 8, 14],
					"texture": "#6"
				},
				"west": {
					"uv": [7, 13, 8, 14],
					"texture": "#6"
				},
				"up": {
					"uv": [7, 13, 8, 14],
					"texture": "#6"
				},
				"down": {
					"uv": [7, 13, 8, 14],
					"texture": "#6"
				}
			}
		}
	],
	"display": {
		"head": {
			"rotation": [0, 180, 0]
		}
	}
}