{
	"textures": {
		"8": "minecraft:custom/crafting_table_inside"
	},
	"elements": [
		{
			"from": [7.7, 8, 7.7],
			"to": [8.3, 9, 8.25],
			"rotation": {
				"angle": 0,
				"axis": "y",
				"origin": [2.5, 6, 7.5]
			},
			"faces": {
				"north": {
					"uv": [3, 10, 3.5, 11.5],
					"texture": "#8"
				},
				"east": {
					"uv": [3.5, 10, 4, 11.5],
					"texture": "#8"
				},
				"south": {
					"uv": [10, 5, 10.5, 6.5],
					"texture": "#8"
				},
				"west": {
					"uv": [10, 6.5, 10.5, 8],
					"texture": "#8"
				},
				"up": {
					"uv": [9, 12, 8.5, 11.5],
					"texture": "#8"
				},
				"down": {
					"uv": [12, 8.5, 11.5, 9],
					"texture": "#8"
				}
			}
		}
	],
	"display": {
		"head": {
			"rotation": [0, 180, 0]
		}
	}
}