{
	"textures": {
		"5": "minecraft:custom/crafting_table_custom_1"
	},
	"elements": [
		{
			"from": [7, 18, 2],
			"to": [9, 19, 14],
			"faces": {
				"north": {
					"uv": [11.75, 0.75, 12.25, 1],
					"texture": "#5"
				},
				"east": {
					"uv": [9.5, 2.5, 12.5, 2.75],
					"texture": "#5"
				},
				"south": {
					"uv": [11.75, 1.25, 12.25, 1.5],
					"texture": "#5"
				},
				"west": {
					"uv": [9.5, 4, 12.5, 4.25],
					"texture": "#5"
				},
				"up": {
					"uv": [4.5, 11.25, 4, 8.25],
					"texture": "#5"
				},
				"down": {
					"uv": [5, 8.25, 4.5, 11.25],
					"texture": "#5"
				}
			}
		},
		{
			"from": [7.5, 8, 7.5],
			"to": [8.5, 18, 8.5],
			"faces": {
				"north": {
					"uv": [2.75, 10, 3, 12.5],
					"texture": "#5"
				},
				"east": {
					"uv": [1.25, 10.25, 1.5, 12.75],
					"texture": "#5"
				},
				"south": {
					"uv": [1.5, 10.25, 1.75, 12.75],
					"texture": "#5"
				},
				"west": {
					"uv": [5, 10.25, 5.25, 12.75],
					"texture": "#5"
				},
				"up": {
					"uv": [9.75, 12, 9.5, 11.75],
					"texture": "#5"
				}
			}
		},
		{
			"from": [7, 19, 13],
			"to": [9, 20, 16],
			"faces": {
				"north": {
					"uv": [0.25, 11.75, 0.75, 12],
					"texture": "#5"
				},
				"east": {
					"uv": [11, 7.5, 11.75, 7.75],
					"texture": "#5"
				},
				"south": {
					"uv": [11.75, 0.5, 12.25, 0.75],
					"texture": "#5"
				},
				"west": {
					"uv": [11, 9.25, 11.75, 9.5],
					"texture": "#5"
				},
				"up": {
					"uv": [10.75, 9.5, 10.25, 8.75],
					"texture": "#5"
				},
				"down": {
					"uv": [10.75, 9.5, 10.25, 10.25],
					"texture": "#5"
				}
			}
		},
		{
			"from": [7, 19, 0],
			"to": [9, 20, 3],
			"faces": {
				"north": {
					"uv": [11.5, 7, 12, 7.25],
					"texture": "#5"
				},
				"east": {
					"uv": [8.25, 7.25, 9, 7.5],
					"texture": "#5"
				},
				"south": {
					"uv": [11.25, 11.5, 11.75, 11.75],
					"texture": "#5"
				},
				"west": {
					"uv": [11, 7.25, 11.75, 7.5],
					"texture": "#5"
				},
				"up": {
					"uv": [8, 11, 7.5, 10.25],
					"texture": "#5"
				},
				"down": {
					"uv": [10.75, 8, 10.25, 8.75],
					"texture": "#5"
				}
			}
		}
	],
	"display": {
		"head": {
			"rotation": [0, 180, 0]
		}
	}
}