{
	"textures": {
		"2": "minecraft:custom/crafting_table_side"
	},
	"elements": [
		{
			"from": [0, 16, 16],
			"to": [7, 24, 16],
			"faces": {
				"north": {
					"uv": [7, 0, 0, 8],
					"texture": "#2"
				},
				"south": {
					"uv": [0, 0, 7, 8],
					"texture": "#2"
				}
			}
		},
		{
			"from": [9, 16, 16],
			"to": [16, 24, 16],
			"faces": {
				"north": {
					"uv": [16, 0, 9, 8],
					"texture": "#2"
				},
				"south": {
					"uv": [9, 0, 16, 8],
					"texture": "#2"
				}
			}
		},
		{
			"from": [7, 19, 16],
			"to": [9, 24, 16],
			"faces": {
				"north": {
					"uv": [9, 0, 7, 5],
					"texture": "#2"
				},
				"south": {
					"uv": [7, 0, 9, 5],
					"texture": "#2"
				}
			}
		}
	],
	"display": {
		"head": {
			"rotation": [0, 180, 0]
		}
	}
}