{
	"textures": {
		"0": "minecraft:custom/diamond"
	},
	"display": {
		"head": {
			"rotation": [0, 180, 0]
		}
	},
	"elements": [
		{
			"from": [7.6, 6, 7.65],
			"to": [8.35, 8, 8.375],
			"rotation": {
				"angle": 0,
				"axis": "y",
				"origin": [7.6, 6, 7.4]
			},
			"faces": {
				"north": {
					"uv": [3, 11, 4, 12],
					"texture": "#0"
				},
				"east": {
					"uv": [3, 11, 4, 12],
					"texture": "#0"
				},
				"south": {
					"uv": [3, 11, 4, 12],
					"texture": "#0"
				},
				"west": {
					"uv": [3, 11, 4, 12],
					"texture": "#0"
				},
				"up": {
					"uv": [3, 11, 4, 12],
					"texture": "#0"
				},
				"down": {
					"uv": [3, 11, 4, 12],
					"texture": "#0"
				}
			}
		},
		{
			"from": [7.6, 5.25, 6.9],
			"to": [8.35, 6, 8.375],
			"rotation": {
				"angle": 0,
				"axis": "y",
				"origin": [7.6, 4, 7.4]
			},
			"faces": {
				"north": {
					"uv": [3, 11, 4, 12],
					"texture": "#0"
				},
				"east": {
					"uv": [3, 11, 4, 12],
					"texture": "#0"
				},
				"south": {
					"uv": [3, 11, 4, 12],
					"texture": "#0"
				},
				"west": {
					"uv": [3, 11, 4, 12],
					"texture": "#0"
				},
				"up": {
					"uv": [3, 11, 4, 12],
					"texture": "#0"
				},
				"down": {
					"uv": [3, 11, 4, 12],
					"texture": "#0"
				}
			}
		}
	]
}