{
	"textures": {
		"9": "minecraft:custom/rocket_launcher_arm"
	},
	"elements": [
		{
			"from": [8.5, 9.15, 7.775],
			"to": [9.5, 10.15, 9.775],
			"rotation": {
				"angle": 0,
				"axis": "y",
				"origin": [7.5, 20.15, 10.775]
			},
			"faces": {
				"north": {
					"uv": [9.5, 3.75, 9.75, 4],
					"texture": "#9"
				},
				"east": {
					"uv": [8, 2.75, 8.5, 3],
					"texture": "#9"
				},
				"south": {
					"uv": [9.5, 4, 9.75, 4.25],
					"texture": "#9"
				},
				"west": {
					"uv": [9, 8, 9.5, 8.25],
					"texture": "#9"
				},
				"up": {
					"uv": [5.5, 3, 5.25, 2.5],
					"texture": "#9"
				},
				"down": {
					"uv": [9, 9, 8.75, 9.5],
					"texture": "#9"
				}
			}
		},
		{
			"from": [8, 8.15, 9.775],
			"to": [10, 16.15, 11.775],
			"rotation": {
				"angle": 0,
				"axis": "y",
				"origin": [8, 20.15, 12.775]
			},
			"faces": {
				"north": {
					"uv": [2.5, 7, 3, 9],
					"texture": "#9"
				},
				"east": {
					"uv": [7, 5.5, 7.5, 7.5],
					"texture": "#9"
				},
				"south": {
					"uv": [5, 7.25, 5.5, 9.25],
					"texture": "#9"
				},
				"west": {
					"uv": [5.5, 7.25, 6, 9.25],
					"texture": "#9"
				},
				"up": {
					"uv": [9.25, 4.25, 8.75, 3.75],
					"texture": "#9"
				},
				"down": {
					"uv": [9.25, 4.25, 8.75, 4.75],
					"texture": "#9"
				}
			}
		},
		{
			"from": [8, 13.15, 4.775],
			"to": [10, 15.15, 9.775],
			"rotation": {
				"angle": 0,
				"axis": "y",
				"origin": [8, 25.15, 10.775]
			},
			"faces": {
				"north": {
					"uv": [8.75, 8.5, 9.25, 9],
					"texture": "#9"
				},
				"east": {
					"uv": [4, 2.5, 5.25, 3],
					"texture": "#9"
				},
				"south": {
					"uv": [9, 0, 9.5, 0.5],
					"texture": "#9"
				},
				"west": {
					"uv": [3.25, 8.5, 4.5, 9],
					"texture": "#9"
				},
				"up": {
					"uv": [5, 9.75, 4.5, 8.5],
					"texture": "#9"
				},
				"down": {
					"uv": [9, 4.75, 8.5, 6],
					"texture": "#9"
				}
			}
		},
		{
			"from": [8, 6.15, 4.775],
			"to": [10, 13.15, 6.775],
			"rotation": {
				"angle": -22.5,
				"axis": "x",
				"origin": [8, 13.15, 4.775]
			},
			"faces": {
				"north": {
					"uv": [8, 1, 8.5, 2.75],
					"texture": "#9"
				},
				"east": {
					"uv": [8, 5.5, 8.5, 7.25],
					"texture": "#9"
				},
				"south": {
					"uv": [8, 7.25, 8.5, 9],
					"texture": "#9"
				},
				"west": {
					"uv": [8.5, 0, 9, 1.75],
					"texture": "#9"
				},
				"up": {
					"uv": [9.5, 1, 9, 0.5],
					"texture": "#9"
				},
				"down": {
					"uv": [9.5, 1, 9, 1.5],
					"texture": "#9"
				}
			}
		},
		{
			"from": [7, 6.65, 5.275],
			"to": [11, 7.65, 6.275],
			"rotation": {
				"angle": -22.5,
				"axis": "x",
				"origin": [8, 13.15, 4.775]
			},
			"faces": {
				"north": {
					"uv": [9, 1.5, 10, 1.75],
					"texture": "#9"
				},
				"east": {
					"uv": [9.5, 4.25, 9.75, 4.5],
					"texture": "#9"
				},
				"south": {
					"uv": [3.25, 9, 4.25, 9.25],
					"texture": "#9"
				},
				"west": {
					"uv": [9.5, 4.5, 9.75, 4.75],
					"texture": "#9"
				},
				"up": {
					"uv": [10, 5, 9, 4.75],
					"texture": "#9"
				},
				"down": {
					"uv": [10, 5, 9, 5.25],
					"texture": "#9"
				}
			}
		}
	],
	"display": {
		"head": {
			"rotation": [0, 180, 0]
		}
	}
}