{
	"textures": {
		"0": "minecraft:custom/iron_golem"
	},
	"elements": [
		{
			"from": [5.1875, 6.28125, 6.03125],
			"to": [10.8125, 8.90625, 9.21875],
			"rotation": {
				"angle": 0,
				"axis": "y",
				"origin": [8, -3.9375, 8]
			},
			"faces": {
				"north": {
					"uv": [0.75, 9.5, 1.875, 10.125],
					"texture": "#0"
				},
				"east": {
					"uv": [0, 9.5, 0.75, 10.125],
					"texture": "#0"
				},
				"south": {
					"uv": [2.625, 9.5, 3.75, 10.125],
					"texture": "#0"
				},
				"west": {
					"uv": [1.875, 9.5, 2.625, 10.125],
					"texture": "#0"
				},
				"up": {
					"uv": [1.875, 9.5, 0.75, 8.75],
					"texture": "#0"
				},
				"down": {
					"uv": [3, 8.75, 1.875, 9.5],
					"texture": "#0"
				}
			}
		},
		{
			"from": [4.4375, 8.625, 5.375],
			"to": [11.5625, 14.625, 9.3125],
			"rotation": {
				"angle": 0,
				"axis": "y",
				"origin": [8, -3.9375, 8]
			},
			"faces": {
				"north": {
					"uv": [1.75, 6.5, 3.25, 7.75],
					"texture": "#0"
				},
				"east": {
					"uv": [0.25, 6.375, 1.125, 7.625],
					"texture": "#0"
				},
				"south": {
					"uv": [5.375, 6.5, 6.875, 7.75],
					"texture": "#0"
				},
				"west": {
					"uv": [4, 6.375, 4.875, 7.625],
					"texture": "#0"
				},
				"up": {
					"uv": [3.375, 6.125, 1.625, 5.125],
					"texture": "#0"
				},
				"down": {
					"uv": [5.875, 5, 3.625, 6.375],
					"texture": "#0"
				}
			}
		}
	],
	"display": {
		"head": {
			"rotation": [0, 180, 0]
		}
	}
}