{
	"textures": {
		"0": "minecraft:custom/iron_golem"
	},
	"elements": [
		{
			"from": [4.71875, 15.79688, 7.29688],
			"to": [8, 18.60938, 7.29688],
			"rotation": {
				"angle": 22.5,
				"axis": "z",
				"origin": [8, 15.79688, 7.76563]
			},
			"faces": {
				"north": {
					"uv": [13.75, 2.5, 13, 3.125],
					"texture": "#0"
				},
				"east": {
					"uv": [15.375, 0.375, 15.75, 0.5],
					"texture": "#0"
				},
				"south": {
					"uv": [13, 2.5, 13.75, 3.125],
					"texture": "#0"
				},
				"west": {
					"uv": [15.375, 0.375, 15.75, 0.5],
					"texture": "#0"
				},
				"up": {
					"uv": [15.375, 0.375, 15.75, 0.5],
					"texture": "#0"
				},
				"down": {
					"uv": [15.375, 0.375, 15.75, 0.5],
					"texture": "#0"
				}
			}
		},
		{
			"from": [6.35938, 15.79688, 5.65625],
			"to": [6.35938, 18.60938, 8.9375],
			"rotation": {
				"angle": 22.5,
				"axis": "z",
				"origin": [8, 15.79688, 7.76563]
			},
			"faces": {
				"north": {
					"uv": [15.375, 0.375, 15.75, 0.5],
					"texture": "#0"
				},
				"east": {
					"uv": [13.75, 2.5, 13, 3.125],
					"texture": "#0"
				},
				"south": {
					"uv": [15.375, 0.375, 15.75, 0.5],
					"texture": "#0"
				},
				"west": {
					"uv": [13, 2.5, 13.75, 3.125],
					"texture": "#0"
				},
				"up": {
					"uv": [15.375, 0.375, 15.75, 0.5],
					"rotation": 270,
					"texture": "#0"
				},
				"down": {
					"uv": [15.375, 0.375, 15.75, 0.5],
					"rotation": 90,
					"texture": "#0"
				}
			}
		},
		{
			"from": [4.83594, 7.79883, 4.87988],
			"to": [11.16406, 15.70898, 11.20801],
			"rotation": {
				"angle": 0,
				"axis": "y",
				"origin": [8, -15.96094, 9.875]
			},
			"faces": {
				"north": {
					"uv": [1, 1, 2, 2.25],
					"texture": "#0"
				},
				"east": {
					"uv": [0, 1, 1, 2.25],
					"texture": "#0"
				},
				"south": {
					"uv": [3, 1, 4, 2.25],
					"texture": "#0"
				},
				"west": {
					"uv": [2, 1, 3, 2.25],
					"texture": "#0"
				},
				"up": {
					"uv": [2, 1, 1, 0],
					"texture": "#0"
				},
				"down": {
					"uv": [3, 0, 2, 1],
					"texture": "#0"
				}
			}
		},
		{
			"from": [7.20898, 7.00781, 3.29785],
			"to": [8.79102, 10.17188, 4.87988],
			"rotation": {
				"angle": 0,
				"axis": "y",
				"origin": [8, -15.96094, 9.875]
			},
			"faces": {
				"north": {
					"uv": [3.25, 0.25, 3.5, 0.75],
					"texture": "#0"
				},
				"east": {
					"uv": [3, 0.25, 3.25, 0.75],
					"texture": "#0"
				},
				"south": {
					"uv": [3.75, 0.25, 4, 0.75],
					"texture": "#0"
				},
				"west": {
					"uv": [3.5, 0.25, 3.75, 0.75],
					"texture": "#0"
				},
				"up": {
					"uv": [3.5, 0.25, 3.25, 0],
					"texture": "#0"
				},
				"down": {
					"uv": [3.75, 0, 3.5, 0.25],
					"texture": "#0"
				}
			}
		}
	],
	"display": {
		"head": {
			"rotation": [0, 180, 0]
		}
	}
}