{
	"textures": {
		"0": "minecraft:custom/flying_book/enchantment_book_page",
		"1": "minecraft:custom/flying_book/magic_book_back"
	},
	"display": {
		"head": {
			"rotation": [0, 180, 0]
		}
	},
	"elements": [
		{
			"from": [7.25, 7.95, 3],
			"to": [16.25, 8.5, 12.8],
			"rotation": {
				"angle": 22.5,
				"axis": "z",
				"origin": [7.25, 8.5, -8]
			},
			"faces": {
				"north": {
					"uv": [9, 2, 13.5, 2.5],
					"texture": "#0"
				},
				"east": {
					"uv": [9, 0, 15, 0.5],
					"texture": "#0"
				},
				"south": {
					"uv": [9, 2.5, 13.5, 3],
					"texture": "#0"
				},
				"west": {
					"uv": [9, 0.5, 15, 1],
					"texture": "#0"
				},
				"up": {
					"uv": [0, 0, 4.5, 6],
					"texture": "#0"
				},
				"down": {
					"uv": [9, 0, 4.5, 6],
					"texture": "#0"
				}
			}
		},
		{
			"from": [7.25, 7.75, 2.75],
			"to": [16.5, 8, 13.05],
			"rotation": {
				"angle": 22.5,
				"axis": "z",
				"origin": [7.25, 9, -8]
			},
			"faces": {
				"north": {
					"uv": [5.5, 1.5, 7.875, 1.625],
					"texture": "#1"
				},
				"east": {
					"uv": [5.5, 0.5, 8.625, 0.625],
					"texture": "#1"
				},
				"south": {
					"uv": [5.5, 1.75, 7.875, 1.875],
					"texture": "#1"
				},
				"west": {
					"uv": [5.5, 0.75, 8.625, 0.875],
					"texture": "#1"
				},
				"up": {
					"uv": [2.375, 3.125, 0, 0],
					"texture": "#1"
				},
				"down": {
					"uv": [4.875, 0, 2.5, 3.125],
					"texture": "#1"
				}
			}
		}
	]
}