{
	"textures": {
		"0": "minecraft:custom/pig"
	},
	"elements": [
		{
			"from": [3, 6, 8],
			"to": [13, 22, 16],
			"rotation": {
				"angle": 0,
				"axis": "y",
				"origin": [8, 6, 12]
			},
			"faces": {
				"north": {
					"uv": [9, 4, 11.5, 8],
					"texture": "#0"
				},
				"east": {
					"uv": [7, 4, 9, 8],
					"texture": "#0"
				},
				"south": {
					"uv": [13.5, 4, 16, 8],
					"texture": "#0"
				},
				"west": {
					"uv": [11.5, 4, 13.5, 8],
					"texture": "#0"
				},
				"up": {
					"uv": [11.5, 4, 9, 2],
					"texture": "#0"
				},
				"down": {
					"uv": [14, 2, 11.5, 4],
					"texture": "#0"
				}
			}
		}
	],
	"display": {
		"head": {
			"rotation": [0, 180, 0]
		}
	}
}