{
	"textures": {
		"0": "minecraft:custom/cow"
	},
	"elements": [
		{
			"from": [2, 4, 5],
			"to": [14, 22, 15],
			"rotation": {
				"angle": 0,
				"axis": "y",
				"origin": [8, -7, 10]
			},
			"faces": {
				"north": {
					"uv": [0, 0, 3, 4.5],
					"texture": "#0"
				},
				"east": {
					"uv": [0, 4.5, 2.5, 9],
					"texture": "#0"
				},
				"south": {
					"uv": [3, 0, 6, 4.5],
					"texture": "#0"
				},
				"west": {
					"uv": [2.5, 4.5, 5, 9],
					"texture": "#0"
				},
				"up": {
					"uv": [8, 7, 5, 4.5],
					"texture": "#0"
				},
				"down": {
					"uv": [9, 0, 6, 2.5],
					"texture": "#0"
				}
			}
		},
		{
			"from": [6, 4, 4],
			"to": [10, 10, 5],
			"rotation": {
				"angle": 0,
				"axis": "y",
				"origin": [8, -7, 10]
			},
			"faces": {
				"north": {
					"uv": [10.5, 0, 11.5, 1.5],
					"texture": "#0"
				},
				"east": {
					"uv": [7.5, 10, 7.75, 11.5],
					"texture": "#0"
				},
				"south": {
					"uv": [0, 11, 1, 12.5],
					"texture": "#0"
				},
				"west": {
					"uv": [7.75, 10, 8, 11.5],
					"texture": "#0"
				},
				"up": {
					"uv": [12, 9.75, 11, 9.5],
					"texture": "#0"
				},
				"down": {
					"uv": [12, 9.75, 11, 10],
					"texture": "#0"
				}
			}
		}
	],
	"display": {
		"head": {
			"rotation": [0, 180, 0]
		}
	}
}