{
	"textures": {
		"0": "minecraft:custom/cow"
	},
	"elements": [
		{
			"from": [6, -4, 8],
			"to": [10, 8, 12],
			"rotation": {
				"angle": 0,
				"axis": "y",
				"origin": [4, -4, 15]
			},
			"faces": {
				"north": {
					"uv": [9, 6.5, 10, 9.5],
					"texture": "#0"
				},
				"east": {
					"uv": [9, 9.5, 10, 12.5],
					"texture": "#0"
				},
				"south": {
					"uv": [10, 3.5, 11, 6.5],
					"texture": "#0"
				},
				"west": {
					"uv": [6.5, 10, 7.5, 13],
					"texture": "#0"
				},
				"up": {
					"uv": [12, 6.5, 11, 5.5],
					"texture": "#0"
				},
				"down": {
					"uv": [12, 6.5, 11, 7.5],
					"texture": "#0"
				}
			}
		}
	],
	"display": {
		"head": {
			"rotation": [0, 180, 0]
		}
	}
}