{
	"textures": {
		"0": "minecraft:custom/cow"
	},
	"elements": [
		{
			"from": [7.1, 7.1, 6],
			"to": [7.9, 7.9, 8],
			"rotation": {
				"angle": 0,
				"axis": "y",
				"origin": [9, -5, 14]
			},
			"faces": {
				"north": {
					"uv": [11.25, 1, 11.5, 1.25],
					"texture": "#0"
				},
				"east": {
					"uv": [11.25, 1, 11.5, 1.25],
					"texture": "#0"
				},
				"south": {
					"uv": [11.25, 1, 11.5, 1.25],
					"texture": "#0"
				},
				"west": {
					"uv": [11.25, 1, 11.5, 1.25],
					"texture": "#0"
				},
				"up": {
					"uv": [11.25, 1, 11.5, 1.25],
					"texture": "#0"
				},
				"down": {
					"uv": [12, 9.75, 11, 10],
					"texture": "#0"
				}
			}
		}
	],
	"display": {
		"head": {
			"rotation": [0, 180, 0]
		}
	}
}