{
	"textures": {
		"4": "minecraft:custom/sculk_hand"
	},
	"display": {
		"head": {
			"rotation": [0, 180, 0]
		}
	},
	"elements": [
		{
			"from": [8, 8, 7],
			"to": [10, 12, 9],
			"rotation": {
				"angle": 0,
				"axis": "y",
				"origin": [8, 8, 8]
			},
			"faces": {
				"north": {
					"uv": [6, 3, 6.5, 4],
					"texture": "#4"
				},
				"east": {
					"uv": [6, 4, 6.5, 5],
					"texture": "#4"
				},
				"south": {
					"uv": [6, 5, 6.5, 6],
					"texture": "#4"
				},
				"west": {
					"uv": [6, 6, 6.5, 7],
					"texture": "#4"
				},
				"up": {
					"uv": [8, 4.75, 7.5, 4.25],
					"texture": "#4"
				},
				"down": {
					"uv": [8, 4.75, 7.5, 5.25],
					"texture": "#4"
				}
			}
		}
	]
}