{
	"textures": {
		"4": "minecraft:custom/sculk_hand"
	},
	"display": {
		"head": {
			"rotation": [0, 180, 0]
		}
	},
	"elements": [
		{
			"from": [7, 8, 6],
			"to": [9, 11, 8],
			"rotation": {
				"angle": 0,
				"axis": "y",
				"origin": [8, 8, 8]
			},
			"faces": {
				"north": {
					"uv": [7, 6.75, 7.5, 7.5],
					"texture": "#4"
				},
				"east": {
					"uv": [7.5, 0, 8, 0.75],
					"texture": "#4"
				},
				"south": {
					"uv": [7.5, 0.75, 8, 1.5],
					"texture": "#4"
				},
				"west": {
					"uv": [7.5, 1.5, 8, 2.25],
					"texture": "#4"
				},
				"up": {
					"uv": [8, 6.75, 7.5, 6.25],
					"texture": "#4"
				},
				"down": {
					"uv": [8, 6.75, 7.5, 7.25],
					"texture": "#4"
				}
			}
		}
	]
}