{
	"textures": {
		"4": "minecraft:custom/sculk_hand"
	},
	"display": {
		"head": {
			"rotation": [0, 180, 0]
		}
	},
	"elements": [
		{
			"from": [7, 8, 6],
			"to": [9, 11.75, 8],
			"rotation": {
				"angle": 0,
				"axis": "y",
				"origin": [8, 8, 7]
			},
			"faces": {
				"north": {
					"uv": [7, 3, 7.5, 4],
					"texture": "#4"
				},
				"east": {
					"uv": [7, 4, 7.5, 5],
					"texture": "#4"
				},
				"south": {
					"uv": [7, 5, 7.5, 6],
					"texture": "#4"
				},
				"west": {
					"uv": [6, 7, 6.5, 8],
					"texture": "#4"
				},
				"up": {
					"uv": [0.5, 8.5, 0, 8],
					"texture": "#4"
				},
				"down": {
					"uv": [8.5, 0, 8, 0.5],
					"texture": "#4"
				}
			}
		}
	]
}